train_loss,valid_loss
0.798247,0.718739
0.810862,0.690321
0.783388,0.764232
