train_loss,valid_loss
0.368550,0.502067
0.390059,0.565343
0.387195,0.594614
0.377083,0.537243
0.366924,0.522737
